{
  "namespace": "chat",

  // Messages Panel //
  //common variables
  "chat_screen@common.base_screen": {
    "close_on_player_hurt": false, //you can now type while being punched
    "enable_profanity_filter": false, //remove filter
    "$screen_content": "chat.chat_screen_content",
    "$screen_bg_content": "", //remove background???
    "button_mappings": [
      {
        "from_button_id": "button.menu_exit",
        "to_button_id": "button.chat_menu_cancel",
        "mapping_type": "global"
      },
      {
        "from_button_id": "button.menu_cancel",
        "to_button_id": "button.chat_menu_cancel",
        "mapping_type": "global"
      }
    ]
  },

  "messages_text": {
    "type": "panel",
    "size": [ "100%", "100%c" ],
    "controls": [
      {
        "text": {
          "type": "label",
		  "shadow": true,
		  "enable_profanity_filter": false, //remove filter
          "color": "$chat_text_color",
          "localize": false,
          "size": [ "100%", "default" ],
          "text": "#text",
          "text_tts": "#text_tts",
          "font_type": "$chat_font_type",
          "font_scale_factor": "$chat_font_scale_factor",
          "line_padding": "$chat_line_spacing"
        }
      }
    ],
    "bindings": [
      {
        "binding_name": "#chat_visible",
        "binding_name_override": "#visible"
      }
    ]
  },

  // Commands Background //

  "commands_background": {
    "type": "image",
    "size": [ "100%", "100%c" ],
    "texture": "textures/ui/black",
    "color": [ 0.0, 0.0, 0.0 ]
  },

  // Auto Complete //
  "auto_complete_panel_contents_with_item": {
    "type": "panel",
    "anchor_from": "top_left",
    "anchor_to": "top_left",
    // We have to manually put in the size because item renderer is weird.
    "size": [ "100%", 10 ],
    "controls": [
      {
        "auto_complete_item_renderer@common.item_renderer": {
          "size": [ 9, 9 ],
          "offset": [ 2, 0 ],
          "anchor_from": "left_middle",
          "anchor_to": "left_middle",
          "bindings": [
            {
              "binding_name": "#auto_complete_item",
              "binding_type": "collection",
              "binding_name_override": "#item_id_aux",
              "binding_collection_name": "auto_complete"
            }
          ]
        }
      },
      {
        "text": {
          "type": "label",
		  "shadow": true,
		  "enable_profanity_filter": false, //remove filter
          "color": "$chat_text_color",
          "offset": [ 2, 0 ],
          "anchor_from": "left_middle",
          "anchor_to": "left_middle",
          "text": "#text",
          "localize": false,
          "bindings": [
            {
              "binding_type": "collection",
              "binding_name": "#auto_complete_text",
              "binding_name_override": "#text",
              "binding_collection_name": "auto_complete"
            }
          ]
        }
      },
      {
        "autocomplete_button@common.button": {
          "$pressed_button_name": "button.click_autocomplete",
          "tts_inherit_siblings": true,
          "controls": [
            { "default": { "type": "panel" } },
            { "hover@chat.click_autocomplete_is_focused": {} },
            { "pressed@chat.click_autocomplete_is_focused": {} }
          ],
          "bindings": [
            {
              "binding_type": "collection",
              "binding_name": "#is_autocomplete_suggestion",
              "binding_name_override": "#visible",
              "binding_collection_name": "auto_complete"
            },
            {
              "binding_type": "collection_details",
              "binding_collection_name": "auto_complete"
            }
          ]
        }
      }
    ]
  },

  ////////////////////////////
  // Main Screen            //
  ////////////////////////////


  "chat_screen_content": {
    "type": "panel",
    "controls": [
      { "messages_panel@chat.messages_scrolling_panel": {} },
      { "chat_bottom_panel@chat.chat_bottom_panel": { "layer": 2 } },
      { "chat_top_panel@chat.chat_header": { "layer": 2 } },
      { "autocomplete_commands_panel@chat.commands_panel": { "layer": 3 } },
      { "host_main_panel@host_options.host_panel": { "layer": 4 } },
      { "popup_factory@chat_settings.popup_factory": {} }
    ]
  },

  "chat_background": {
    "type": "image",
    "size": [ "100%", "100%" ],
    "texture": "textures/ui/black",
    "color": [ 0.0, 0.0, 0.0 ],
    "alpha": 0.0
  }
}