{
	"namespace": "hud",
	"hud_screen@common.base_screen": {
	    "enable_profanity_filter": false,
		"is_showing_menu": false,
		"should_steal_mouse": true,
		"low_frequency_rendering": true,
		"absorbs_input": false,
		"send_telemetry": false,
		"$screen_animations": [
			"@common.screen_exit_animation_push_fade",
			"@common.screen_exit_animation_pop_fade",
			"@common.screen_entrance_animation_push_fade",
			"@common.screen_entrance_animation_pop_fade"
		],
		"button_mappings": [
			{
				"from_button_id": "button.scoreboard",
				"to_button_id": "button.scoreboard",
				"mapping_type": "global"
			},
			{
				"from_button_id": "button.inventory_left",
				"to_button_id": "button.hotbar_inventory_left",
				"mapping_type": "global"
			},
			{
				"from_button_id": "button.inventory_right",
				"to_button_id": "button.hotbar_inventory_right",
				"mapping_type": "global"
			},
			{
				"from_button_id": "button.hide_gui",
				"to_button_id": "button.hide_gui_all",
				"mapping_type": "global"
			},
			{
				"from_button_id": "button.hide_tooltips",
				"to_button_id": "button.hide_tooltips_hud",
				"mapping_type": "global"
			},
			{
				"from_button_id": "button.hide_paperdoll",
				"to_button_id": "button.hide_paperdoll_hud",
				"mapping_type": "global"
			},
			{
				"from_button_id": "button.slot1",
				"to_button_id": "button.slot_1",
				"mapping_type": "global"
			},
			{
				"from_button_id": "button.slot2",
				"to_button_id": "button.slot_2",
				"mapping_type": "global"
			},
			{
				"from_button_id": "button.slot3",
				"to_button_id": "button.slot_3",
				"mapping_type": "global"
			},
			{
				"from_button_id": "button.slot4",
				"to_button_id": "button.slot_4",
				"mapping_type": "global"
			},
			{
				"from_button_id": "button.slot5",
				"to_button_id": "button.slot_5",
				"mapping_type": "global"
			},
			{
				"from_button_id": "button.slot6",
				"to_button_id": "button.slot_6",
				"mapping_type": "global"
			},
			{
				"from_button_id": "button.slot7",
				"to_button_id": "button.slot_7",
				"mapping_type": "global"
			},
			{
				"from_button_id": "button.slot8",
				"to_button_id": "button.slot_8",
				"mapping_type": "global"
			},
			{
				"from_button_id": "button.slot9",
				"to_button_id": "button.slot_9",
				"mapping_type": "global"
			},
			{
				"from_button_id": "button.slot0",
				"to_button_id": "button.slot_0",
				"mapping_type": "global"
			}
		],
		"$screen_content": "hud.hud_content"
		//"$screen_content": "hud.hud_overwrite"
	}, 
	/*
	"hud_overwrite": {
		"type": "panel",
		"controls": [
			{
				"hud_content@hud.hud_content": {}
			},
		]
	},
	*/
	
	"hud_content": {  
		"type": "panel",
		"$hud_size": [
			"100%",
			"100%"
		],
		"size": "$hud_size",
		"controls": [
			{
				"root_panel@hud.root_panel": {}
			},
			{
				"camera_renderer@camera_renderer": {}
			},
			{
				"chat_panel@hud.chat_panel": {
				"layer": 1336,
				"clips_children": true,
				"anchor_from": "bottom_left",
				"anchor_to": "bottom_left",
				"visible": true, 
				"size": [ "40%", "30%" ],
				"offset": [ 0, -50 ]
				}
			}
		]
	},
	//remove vignette
    "vignette_renderer": {
      "type": "custom",
      "renderer": "",
      "layer": 4
    },
	
	//funny filter bypass
    "chat_grid_item/chat_background/chat_text": {
      "enable_profanity_filter": false
    },
	//clear coords
    "player_position": {
      "texture": "textures/ui/background_position",
      "alpha": 0.0
    },
	//add mojangle to chat
    "chat_label": {
      "type": "label",
      "layer": 31,
      "text": "#text",
      "size": [ "100%", "default" ],
      "shadow": true,
      "localize": false,
      "color": "$chat_text_color",
      "font_type": "Mojangles",
      "font_scale_factor": "medium",
      "line_padding": "$chat_line_spacing",
      "bindings": [
        {
          "binding_name": "#chat_text",
          "binding_name_override": "#text",
          "binding_type": "collection",
          "binding_collection_name": "chat_text_grid",
          "binding_condition": "once"
        }
      ]
    },
	
    "chat_grid_item": {
    "type": "panel",
    "layer": 1,
    "size": [ "100%-2px", "100%c" ],
    "anchor_from": "top_left",
    "anchor_to": "top_left",
    "controls": [
      {
        "chat_background": {
          "type": "image",
          "texture": "textures/ui/Black",
          "alpha": 0.0,
          "size": [ "100%", "100%c" ],
          "controls": [
            {
              "chat_text@chat_label": {
                "anchor_from": "top_left",
                "anchor_to": "top_left",
                "offset": [ 2, 0 ]
              }
            }
          ]
        }
      }
    ]
  },
  //stupid monkey item name opacity
  "item_name_text_root": {
    "type": "panel",
    "size": [ "100%cm", "100%cm" ],
    "$show_interact_padding|default": false,
    "$show_survival_padding|default": false,

    "$show_text_background|default": false,

    "$text_color|default": "$tool_tip_text",
    "$text_binding|default": "#item_text",

    "anchor_from": "bottom_middle",
    "anchor_to": "bottom_middle",
    "$wait_duration|default": 1,
    "$destroy_id|default": "item_name_text",
    "controls": [
      {
        "item_text_aligner": {
          "type": "stack_panel",
          "size": [ "100%cm", "100%c" ],
          "controls": [
            {
              "item_text_control": {
                "type": "panel",
                "size": [ "100%cm", "100%cm" ],
                "controls": [
                  {
                    "item_text_background": {
                      "ignored": "(not $show_text_background)",

                      "type": "image",
                      "size": [ "100%sm + 12px", "100%sm + 5px" ],
                      "texture": "textures/ui/hud_tip_text_background",
                      "alpha": 0
                    }
                  },
                  {
                    "item_text_label": {
                      "type": "label",
					  "shadow": true,
                      "max_size": [ 200, "default" ],
                      "text_alignment": "center",
                      "layer": 31,
                      "color": "$text_color",
                      "text": "#text",
                      "alpha": "@hud.anim_item_name_text_alpha_in",
                      "bindings": [
                        {
                          "binding_name": "$text_binding",
                          "binding_name_override": "#text"
                        }
                      ]
                    }
                  }
                ]
              }
            },
            {
              "interact_padding@common.empty_panel": {
                "visible": "$show_interact_padding",
                // To not overlap with the interact button
                // the text needs to move up by 18
                "size": [ "100%sm", 18 ],
                "bindings": [
                  {
                    "binding_name": "#interact_visible",
                    "binding_name_override": "#visible",
                    "binding_condition": "always"

                  }
                ]
              }
            },
            {
              "survival_buffer@common.empty_panel": {
                "visible": "$show_survival_padding",
                // Survival HUD has elements above the hot bar
                // meaning the text needs to move up
                "size": [ "100%sm", 17 ],
                "bindings": [
                  {
                    "binding_name": "#is_not_creative_mode",
                    "binding_name_override": "#visible"
                  }
                ]
              }
            },
            {
              "armor_buffer@common.empty_panel": {
                "visible": false,
                // Armor HUD is visible only if player has armor equipped
                // The text needs to move up a bit further if armor is equipped
                "size": [ "100%sm", 8 ],
                "bindings": [
                  {
                    "binding_name": "#is_in_classic_ui_mode_with_visible_armor",
                    "binding_name_override": "#visible"
                  }
                ]
              }
            }
          ]
        }
      }
    ]
  },
  "hud_title_text": {
    "type": "stack_panel",
    "orientation": "vertical",
    "offset": [ 0, -19 ],
    "layer": 1,
    "alpha": "@hud.anim_title_text_alpha_in",
    "propagate_alpha": true,
    "controls": [
      {
        "title_frame": {
          "type": "panel",
          "size": [ "100%", "100%cm" ],
          "controls": [
            {
              "title_background": {
                "type": "image",
                "size": [ "100%sm + 30px", "100%sm + 6px" ],
                "texture": "textures/ui/hud_tip_text_background",
                "alpha": "@hud.anim_title_background_alpha_in"
              }
            },
            {
              "title": {
                "type": "label",
                "anchor_from": "top_middle",
                "anchor_to": "top_middle",
                "color": "$title_command_text_color",
                "text": "#text",
                "layer": 1,
                "localize": false,
                "font_size": "large",
                "variables": [
                  {
                    "requires": "(not $title_shadow)",
                    "$show_shadow": false
                  },
                  {
                    "requires": "$title_shadow",
                    "$show_shadow": true
                  }
                ],
                "shadow": "$show_shadow",
                "text_alignment": "center",
                "offset": [ 0, 6 ],
                "bindings": [
                  {
                    "binding_name": "#hud_title_text_string",
                    "binding_name_override": "#text",
                    "binding_type": "global"
                  }
                ]
              }
            }
          ]
        }
      },
      {
        "subtitle_frame": {
          "type": "panel",
          "size": [ "100%", "100%cm" ],
          "controls": [
            {
              "subtitle_background": {
                "type": "image",
                "size": [ "100%sm + 20px", "100%sm + 5px" ],
                "offset": [ 0, 16 ],
                "texture": "textures/ui/hud_tip_text_background",
                "variables": [
                  {
                    "requires": "$subtitle_initially_visible",
                    "$subtitle_bg": "@hud.anim_title_background_alpha_in"
                  },
                  {
                    "requires": "(not $subtitle_initially_visible)",
                    "$subtitle_bg": "@hud.anim_subtitle_background_alpha_in"
                  }
                ],
                "alpha": "$subtitle_bg"
              }
            },
            {
              "subtitle": {
                "type": "label",
                "anchor_from": "top_middle",
                "anchor_to": "top_middle",
                "color": "$title_command_text_color",
                "text": "#text",
                "layer": 1,
                "localize": false,
                "font_size": "medium",
                "variables": [
                  {
                    "requires": "$subtitle_initially_visible",
                    "$anim_type": 1.0
                  },
                  {
                    "requires": "(not $subtitle_initially_visible)",
                    "$anim_type": "@hud.anim_subtitle_text_alpha_in"
                  },
                  {
                    "requires": "(not $title_shadow)",
                    "$show_shadow": false
                  },
                  {
                    "requires": "$title_shadow",
                    "$show_shadow": true
                  }
                ],
                "shadow": "$show_shadow",
                "alpha": "$anim_type",
                "text_alignment": "center",
                "offset": [ 1, 19 ],
                "bindings": [
                  {
                    "binding_name": "#hud_subtitle_text_string",
                    "binding_name_override": "#text",
                    "binding_type": "global"
                  }
                ]
              }
            }
          ]
        }
      }
    ]
  },
  //make hotbar match java
  "hotbar_slot_image": {
    "type": "image",
    "offset": [ 0, 0 ],
    "size": [ 20, 22 ],
    "layer": 1,
    "alpha": 1 //java opacity
  },
	"chat_panel": {
    "type": "panel",
	"visible": false, 
	"clips_children": true,
    "anchor_from": "top_left",
    "anchor_to": "top_left",
    "size": [ "100%", "100%c" ],
    "max_size": [ "100%", "50%" ],

    "controls": [
      {
        "stack_panel": {
          "type": "stack_panel",
          "anchor_from": "bottom_left",
          "anchor_to": "bottom_left",
          "factory": {
            "name": "chat_item_factory",
            "max_children_size": 50,
            "control_ids": {
              "chat_item": "chat_item@hud.chat_grid_item"
            }
          }
        }
      }
    ]
  }
}