{

  "$0_color_format": [ 0.878, 0.553, 0.608 ], // Black
  "$1_color_format": [ 0.0, 0.607, 0.882 ], // Dark Blue
  "$2_color_format": [ 0.392, 0.784, 0.313 ], // Dark Green
  "$3_color_format": [ 0.392, 0.690, 0.690 ], // Dark Aqua
  "$4_color_format": [ 0.784, 0.196, 0.196 ], // Dark Red
  "$5_color_format": [ 0.588, 0.392, 0.784 ], // Dark Purple
  "$6_color_format": [ 1.0, 0.667, 0.0 ], // Gold
  "$7_color_format": [ 0.667, 0.667, 0.667 ], // Gray
  "$8_color_format": [ 0.333, 0.333, 0.333 ], // Dark Gray
  "$9_color_format": [ 0.333, 0.333, 1.0 ], // Blue
  "$a_color_format": [ 0.333, 1.0, 0.333 ], // Green
  "$b_color_format": [ 0.509, 1.0, 1.0 ], // Aqua
  "$c_color_format": [ 1.0, 0.333, 0.333 ], // Red
  "$d_color_format": [ 1.0, 0.333, 1.0 ], // Light Purple
  "$e_color_format": [ 1.0, 1.0, 0.333 ], // Yellow
  "$f_color_format": [ 1.0, 1.0, 1.0 ], // White

  "$boss_health_bar_color": [ 0.333, 1.0, 1.0 ],

  "$jukebox_text_color": [ 1.0, 1.0, 1.0 ],

  "$transition_time_push_size": 0.10,
  "$transition_time_pop_size": 0.10,
  "$transition_time_push": 0.10,
  "$transition_time_pop": 0.10,
  "$container_transition_time_push": 0.10,
  "$container_transition_time_pop": 0.10,
  "$loading_bar_transition": 0.10
}

