{
  "namespace": "hud",

  "hud_title_text": {
    "type": "stack_panel",
    "orientation": "vertical",
    "offset": [ 0, -19 ],
    "layer": 1,
    "alpha": "@hud.anim_title_text_alpha_in",
    "propagate_alpha": true,
    "controls": [
      {
        "title_frame": {
          "type": "panel",
          "size": [ "100%", "100%cm" ],
          "controls": [
            {
              "title_background": {
                "type": "image",
                "size": [ "100%sm + 30px", "100%sm + 6px" ],
                "texture": "",
                "alpha": 0
              }
            },
            {
              "title": {
                "type": "label",
                "anchor_from": "top_middle",
                "anchor_to": "top_middle",
                "color": "$title_command_text_color",
                "text": "#text",
                "layer": 31,
                "shadow": true,
                "localize": false,
                "font_size": "large",
                "text_alignment": "center",
                "offset": [ 0, 16 ],
                "bindings": [
                  {
                    "binding_name": "#hud_title_text_string",
                    "binding_name_override": "#text",
                    "binding_type": "global"
                  }
                ]
              }
            }
          ]
        }
      },
      {
        "subtitle_frame": {
          "type": "panel",
          "size": [ "100%", "100%cm" ],
          "controls": [
            {
              "subtitle_background": {
                "type": "image",
                "size": [ "100%sm + 20px", "100%sm + 5px" ],
                "texture": "",
                "alpha": 0
              }
            },
            {
              "subtitle": {
                "type": "label",
                "anchor_from": "top_middle",
                "anchor_to": "top_middle",
                "color": "$title_command_text_color",
                "text": "#text",
                "layer": 1,
                "shadow": true,
                "localize": false,
                "font_size": "medium",
                "variables": [
                  {
                    "requires": "$subtitle_initially_visible",
                    "$anim_type": 1.0
                  },
                  {
                    "requires": "(not $subtitle_initially_visible)",
                    "$anim_type": "@hud.anim_subtitle_text_alpha_in"
                  }
                ],
                "alpha": "$anim_type",
                "text_alignment": "center",
                "offset": [ 0, 19 ],
                "bindings": [
                  {
                    "binding_name": "#hud_subtitle_text_string",
                    "binding_name_override": "#text",
                    "binding_type": "global"
                  }
                ]
              }
            }
          ]
        }
      }
    ]
  },

  "item_name_text@hud.item_name_text_root": {
    "offset": [ 0, -15 ]
  },

  "anim_item_name_background_alpha_in": {
    "anim_type": "alpha",
    "duration": 0,
    "from": 0,
    "to": 0.5,
    "next": "@hud.anim_item_name_background_alpha_stay"
  },
  
  "anim_item_name_text_alpha_out": {
    "anim_type": "alpha",
    "easing": "in_expo",
    "destroy_at_end": "$destroy_id",
    "duration": 0,
    "from": 0.5,
    "to": 0
  },

  "item_name_text_root": {
    "type": "panel",
    "size": [ "100%cm", "100%cm" ],
    "$show_interact_padding|default": false,
    "$show_survival_padding|default": false,

    "$show_text_background|default": false,

    "$text_color|default": "$tool_tip_text",
    "$text_binding|default": "#item_text",

    "anchor_from": "bottom_middle",
    "anchor_to": "bottom_middle",
    "$wait_duration|default": 3,
    "$destroy_id|default": "item_name_text",
    "controls": [
      {
        "item_text_aligner": {
          "type": "stack_panel",
          "size": [ "100%cm", "100%c" ],
          "controls": [
            {
              "item_text_control": {
                "type": "panel",
                "size": [ "100%cm", "100%cm" ],
                "controls": [
                  {
                    "item_text_background": {
                      "ignored": "(not $show_text_background)",

                      "type": "image",
                      "size": [ "100%sm + 12px", "100%sm + 5px" ],
                      "texture": "textures/ui/hud_tip_text_background",
                      "alpha": "@hud.anim_item_name_background_alpha_in"
                    }
                  },
                  {
                    "item_text_label": {
                      "type": "label",
                      "max_size": [ 200, "default" ],
                      "text_alignment": "center",
                      "layer": 31,
                      "color": "$text_color",
                      "text": "#text",
                      "alpha": "@hud.anim_item_name_text_alpha_in",
                      "bindings": [
                        {
                          "binding_name": "$text_binding",
                          "binding_name_override": "#text"
                        }
                      ]
                    }
                  }
                ]
              }
            },
            {
              "interact_padding@common.empty_panel": {
                "visible": "$show_interact_padding",
                "size": [ "100%sm", 18 ],
                "bindings": [
                  {
                    "binding_name": "#interact_visible",
                    "binding_name_override": "#visible",
                    "binding_condition": "always"

                  }
                ]
              }
            },
            {
              "survival_buffer@common.empty_panel": {
                "visible": "$show_survival_padding",
                "size": [ "100%sm", 17 ],
                "bindings": [
                  {
                    "binding_name": "#is_not_creative_mode",
                    "binding_name_override": "#visible"
                  }
                ]
              }
            },
            {
              "armor_buffer@common.empty_panel": {
                "visible": false,
                "size": [ "100%sm", 8 ],
                "bindings": [
                  {
                    "binding_name": "#is_in_classic_ui_mode_with_visible_armor",
                    "binding_name_override": "#visible"
                  }
                ]
              }
            }
          ]
        }
      }
    ]
  },
  
  "hud_tip_text": {
    "type": "image",
    "texture": "",
    "alpha": 0,
    "size": [ "100%c + 6px", "100%c + 2px" ],
    "offset": [ -114.8, -5.2 ],
    "anchor_from": "bottom_middle",
    "anchor_to": "bottom_middle",
    "$wait_duration|default": 3,
    "$destroy_id|default": "popup_tip_text",
    "controls": [
      {
        "item_text_label": {
          "type": "label",
          "layer": 1,
          "color": "$tool_tip_text",
          "text": "#text",
          "shadow": false,
          "alpha": "@hud.hud_tip_text_alpha_out",
          "bindings": [
            {
              "binding_name": "#tip_text",
              "binding_name_override": "#text"
            }
          ]
        }
      }
    ]
  },

  "hud_tip_text_background_alpha_out": {
    "anim_type": "alpha",
    "easing": "in_expo",
    "duration": 0.6,
    "from": 0.6,
    "to": 0
  },

  "hud_tip_text_alpha_out": {
    "anim_type": "alpha",
    "easing": "in_expo",
    "destroy_at_end": "$destroy_id",
    "duration": 0.6,
    "from": 1,
    "to": 0
  },

  "jukebox_popup_text@hud.item_name_text_root": {
    "$text_color": "$jukebox_text_color",
    "$text_binding": "#jukebox_text",
    "offset": [ 0, -80 ]
  },

  "hud_actionbar_text": {
    "type": "image",
    "texture": "",
    "alpha": 0,
    "size": [ "100%c + 6px", "100%c + 2px" ],
    "offset": [ 0, -80 ],
    "anchor_from": "bottom_middle",
    "anchor_to": "bottom_middle",
    "controls": [
      {
        "actionbar_message": {
          "type": "label",
          "color": "$tool_tip_text",
          "layer": 1,
          "text": "$actionbar_text",
          "localize": false,
          "alpha": "@hud.anim_actionbar_text_alpha_out"
        }
      }
    ]
  },

  "anim_actionbar_text_background_alpha_out": {
    "anim_type": "alpha",
    "easing": "in_expo",
    "duration": 3,
    "from": 0.6,
    "to": 0,
    "destroy_at_end": "hud_actionbar_text"
  },

  "anim_actionbar_text_alpha_out": {
    "anim_type": "alpha",
    "easing": "in_expo",
    "duration": 3,
    "from": 1,
    "to": 0,
    "destroy_at_end": "hud_actionbar_text"
  },

  "anim_chat_txt_alpha": {
    "anim_type": "alpha",
    "easing": "in_quart",
    "duration": 0.25,
    "from": 1,
    "to": 0
  },

  "anim_chat_bg_alpha": {
    "anim_type": "alpha",
    "easing": "in_quart",
    "destroy_at_end": "chat_grid_item",
    "duration": 0.25,
    "from": 0.6,
    "to": 0
  },

  "anim_chat_txt_wait": {
    "anim_type": "wait",
    "duration": 3,
    "next": "@hud.anim_chat_txt_alpha"
  },

  "anim_chat_bg_wait": {
    "anim_type": "wait",
    "duration": 3,
    "next": "@hud.anim_chat_bg_alpha"
  },

  "chat_label": {
    "type": "label",
    "layer": 31,
    "text": "#text",
    "size": [ "100%", "default" ],
    "shadow": true,
    "localize": false,
    "color": "$chat_text_color",
    "font_type": "$chat_font_type",
    "font_scale_factor": "$chat_font_scale_factor",
    "line_padding": "$chat_line_spacing",
    "anims": [
      "@hud.anim_chat_txt_wait"
    ],
    "bindings": [
      {
        "binding_name": "#chat_text",
        "binding_name_override": "#text",
        "binding_type": "collection",
        "binding_collection_name": "chat_text_grid",
        "binding_condition": "once"
      }
    ]
  },

  "chat_grid_item": {
    "type": "panel",
    "layer": 1,
    "size": [ "100%-2px", "100%c" ],
    "anchor_from": "top_left",
    "anchor_to": "top_left",
    "controls": [
      {
        "chat_background": {
          "type": "image",
          "texture": "textures/ui/Black",
          "alpha": 0.7,
          "size": [ "100%", "100%c + 4px" ],
          "anims": [
            "@hud.anim_chat_bg_wait"
          ],
          "controls": [
            {
              "chat_text@chat_label": {
                "anchor_from": "top_left",
                "anchor_to": "top_left",
                "offset": [ 2, 0 ]
              }
            }
          ]
        }
      }
    ]
  },

  "chat_panel": {
    "type": "panel",
    "anchor_from": "top_left",
    "anchor_to": "top_left",
    "size": [ "100%", "100%c" ],
    "max_size": [ "85%", "60%" ],

    "controls": [
      {
        "stack_panel": {
          "type": "stack_panel",
          "anchor_from": "bottom_left",
          "anchor_to": "bottom_left",
          "factory": {
            "name": "chat_item_factory",
            "max_children_size": 15,
            "control_ids": {
              "chat_item": "chat_item@hud.chat_grid_item"
            }
          }
        }
      }
    ]
  },

  "player_position": {
    "type": "image",
    "size": [ "100%c + 6px", "100%c + 2px" ],
    "texture": "textures/ui/Black",
    "alpha": 0.7,
    "controls": [
      {
        "player_position_text": {
          "type": "label",
          "anchor_from": "bottom_middle",
          "anchor_to": "bottom_middle",
          "layer": 1,

          "enable_profanity_filter": false,
          "color": "$chat_text_color",
          "text": "#text",
          "shadow": false,

          "bindings": [
            {
              "binding_name": "#player_position_text",
              "binding_name_override": "#text",
              "binding_condition": "always_when_visible",
              "binding_type": "global"
            }
          ]
        }
      }
    ],
    "bindings": [
      {
        "binding_name": "#player_position_visible",
        "binding_name_override": "#visible",
        "binding_condition": "always",
        "binding_type": "global"
      }
    ]
  }

}
