{
  "custom.hitmarker": {
    "category": "custom",
    "sounds": [
      {
        "name": "sounds/custom/hitmarker"
      }
    ]
  },
  "custom.shoot1": {
    "category": "custom",
    "sounds": [
      {
        "name": "sounds/custom/shoot1"
      }
    ]
  },
  "custom.shoot2": {
    "category": "custom",
    "sounds": [
      {
        "name": "sounds/custom/shoot2"
      }
    ]
  },
  "custom.thud1": {
    "category": "custom",
    "sounds": [
      {
        "name": "sounds/custom/thud1"
      }
    ]
  },
  "custom.thud2": {
    "category": "custom",
    "sounds": [
      {
        "name": "sounds/custom/thud2"
      }
    ]
  },
  "custom.ready1": {
    "category": "custom",
    "sounds": [
      {
        "name": "sounds/custom/ready1"
      }
    ]
  }
}